{"cameraMode":{"drawMode":0,"name":"Shaded","section":"Shading Mode"},"sceneLighting":true,"audioPlay":false,"sceneViewState":{"showFog":true,"showMaterialUpdate":false,"showSkybox":true,"showFlares":true,"showImageEffects":true,"showParticleSystems":true},"in2DMode":false,"pivot":{"x":182.2750244140625,"y":30.641998291015626,"z":748.3598022460938},"rotation":{"x":-0.0015376749215647579,"y":-0.982585608959198,"z":0.1858227699995041,"w":-0.007962877862155438},"size":22.0,"orthographic":false}