{"cameraMode":{"drawMode":0,"name":"Shaded","section":"Shading Mode"},"sceneLighting":false,"audioPlay":false,"sceneViewState":{"showFog":true,"showMaterialUpdate":false,"showSkybox":true,"showFlares":true,"showImageEffects":true,"showParticleSystems":true},"in2DMode":false,"pivot":{"x":-62.77968215942383,"y":117.75318908691406,"z":248.5453338623047},"rotation":{"x":0.16975490748882295,"y":0.12148390710353852,"z":0.021073831245303155,"w":-0.9777634739875794},"size":328.3481750488281,"orthographic":false}